name,code,country,lat,lon,elev,style,rwdir,rwlen,rwwidth,freq,desc
"Abbots","6ME6",US,4421.200N,07023.700W,730ft,2,160,1700ft,70ft,,"6ME6, Private, RW width: 70"
"Adirondack","SLK",US,4423.117N,07412.367W,1663ft,5,49,6573ft,150ft,123.0,"SLK, RW width: 150, UNICOM: 123.0, Fuel: 100LL"
"Adirondack Estates","NY17",US,4436.550N,07351.483W,1352ft,5,90,2050ft,20ft,122.8,"NY17, Private, RW width: 20, UNICOM: 122.8"
"Airhaven","09N",US,4149.956N,07352.558W,450ft,2,16,1863ft,75ft,122.9,"09N, 02/20 18T, RW width: 75, CTAF: 122.9"
"Albany","ALB",US,4244.950N,07348.117W,285ft,5,371,8500ft,150ft,122.95,"ALB, RW width: 150, Tower: 119.5, UNICOM: 122.95, Fuel: 100LL"
"Albert Farms","MA88",US,4223.330N,07255.800W,1420ft,5,180,2100ft,50ft,,"MA88, Private, N/S 28A, RW width: 50"
"Alexander Farm","NY82",US,4234.838N,07336.974W,525ft,2,180,3380ft,100ft,,"NY82, Private, 18/36 34G, RW width: 100"
"Allen's Pond","ALLNSPND",US,4130.667N,07101.683W,59ft,0,,,,,"5MA9, 13/31 12T"
"Allenholm","VT26",US,4438.067N,07318.400W,141ft,2,180,2000ft,40ft,,"VT26, Private, RW width: 40"
"Alta Vista","ALTAVIST",US,4221.510N,07155.580W,1070ft,3,,1800ft,,,"Landable"
"Amsterdam","NY87",US,4257.750N,07415.217W,340ft,2,90,1450ft,160ft,,"NY87, Private, RW width: 160"
"Angus Airways","ANGUSRWS",US,4413.750N,07247.340W,670ft,3,,,,,"Landable"
"Antrim","ANTRIM",US,4300.900N,07155.880W,600ft,3,,1400ft,,,"Landable"
"Apex","65NK",US,4243.767N,07409.833W,1130ft,2,90,2750ft,60ft,,"65NK, Private, RW width: 60"
"Archdale Meadows","NY63",US,4303.200N,07328.700W,584ft,2,90,1500ft,90ft,,"NY63, Private, RW width: 90"
"Ardell Flying","VT59",US,4316.670N,07254.590W,1900ft,2,180,1900ft,175ft,,"VT59, Private, RW width: 175"
"Argyle","1C3",US,4315.267N,07328.217W,330ft,2,30,2400ft,87ft,122.9,"1C3, RW width: 87, CTAF: 122.9"
"Ass-Pirin Acres","VT11",US,4404.117N,07322.400W,131ft,2,100,2600ft,200ft,122.8,"VT11, Private, RW width: 200, UNICOM: 122.8"
"Auburn/Lewiston","LEW",US,4402.917N,07017.017W,288ft,5,41,5001ft,100ft,122.8,"LEW, RW width: 100, UNICOM: 122.8, Fuel: 100LL"
"August","NK17",US,4312.567N,07334.900W,131ft,2,30,2100ft,100ft,,"NK17, Private, RW width: 100"
"Axinn","VT14",US,4402.700N,07311.380W,440ft,3,20,1400ft,90ft,,"VT14, Landable, RW width: 90"
"B Flat Farm","3NK8",US,4208.433N,07336.717W,800ft,2,180,1300ft,40ft,,"3NK8, Private, RW width: 40"
"B&B Farm","MA89",US,4220.754N,07206.200W,980ft,2,160,2000ft,100ft,,"MA89, Private, RW width: 100"
"Back Acres","ME46",US,4324.733N,07026.800W,60ft,2,20,1000ft,200ft,,"ME46, Private, RW width: 200"
"Bancroft","CT14",US,4151.980N,07236.560W,52ft,2,130,2400ft,100ft,,"CT14, Private, 13/31 18T, RW width: 100"
"Barnes Muni","BAF",US,4209.510N,07242.940W,260ft,5,24,9000ft,150ft,118.9,"BAF, 02/20 90A, RW width: 150, ATIS: 127.1, Tower: 118.9, Fuel: 100LL"
"Barnstable M","HYA",US,4140.150N,07016.817W,56ft,5,66,5425ft,150ft,119.5,"HYA, RW width: 150, ATIS: 123.8, Tower: 119.5, UNICOM: 122.95, Fuel: 100LL"
"Basin Harbor","B06",US,4411.750N,07320.967W,131ft,2,20,3000ft,90ft,122.8,"B06, RW width: 90, UNICOM: 122.8"
"Bayley's","80ME",US,4332.783N,07022.467W,24ft,2,110,4000ft,200ft,,"80ME, Private, RW width: 200"
"Bee","24CT",US,4134.017N,07158.017W,280ft,2,10,1700ft,50ft,,"24CT, Private, RW width: 50"
"Bennetts","0NY0",US,4342.000N,07358.967W,1040ft,2,315,3000ft,150ft,,"0NY0, Private, RW width: 150"
"Berlin Muni","BML",US,4434.483N,07110.533W,1158ft,5,175,5200ft,100ft,122.7,"BML, 18/36 52A, RW width: 100, UNICOM: 122.7, Fuel: 100LL"
"Bethel","0B1",US,4425.517N,07048.600W,674ft,5,140,3818ft,75ft,122.9,"0B1, RW width: 75, CTAF: 122.9, Fuel: 100LL"
"Beverly Muni","BVY",US,4235.050N,07054.983W,108ft,5,157,5001ft,100ft,125.2,"BVY, 09/27 50A, RW width: 100, ATIS: 119.2, Tower: 125.2, UNICOM: 122.95, Fuel: 100LL, Turn Point"
"Biddeford","B19",US,4327.850N,07028.350W,157ft,5,58,3000ft,75ft,123.0,"B19, RW width: 75, UNICOM: 123.0, Fuel: 100LL"
"Blodgett Farm","BLDGTTFR",US,4245.500N,07228.750W,250ft,3,,,,,"VT47, Landable, 02/20 18T"
"Blue Heron","N25",US,4241.833N,07411.967W,1200ft,2,90,2600ft,70ft,122.9,"N25, RW width: 70, CTAF: 122.9"
"Blueberry Hill","MA77",US,4222.510N,07308.880W,2000ft,3,160,1700ft,100ft,,"MA77, Landable, 16/34 18T, RW width: 100"
"Boire Field","ASH",US,4246.940N,07130.830W,200ft,5,139,6000ft,100ft,133.2,"ASH, 14/32 55A, RW width: 100, ATIS: 125.1, Tower: 133.2, Fuel: 100LL"
"Bonebender","41NY",US,4418.750N,07323.100W,336ft,2,10,1800ft,75ft,,"41NY, Private, RW width: 75"
"Bostwick Farm","VT23",US,4422.250N,07315.017W,220ft,2,10,2500ft,100ft,,"VT23, Private, RW width: 100"
"Bowman","B10",US,4424.600N,07008.767W,324ft,2,20,2201ft,120ft,122.9,"B10, RW width: 120, CTAF: 122.9"
"Boylan Airport","5B1",US,4447.483N,07149.300W,1194ft,2,141,2650ft,120ft,122.9,"5B1, 14/32 27T, RW width: 120, CTAF: 122.9"
"Boylston Dike","BOLSTNDK",US,4224.080N,07143.220W,380ft,3,,3900ft,,,"Landable"
"Bradley","NH49",US,4358.230N,07140.835W,630ft,2,20,1700ft,30ft,,"NH49, Private, 02/20 17T, RW width: 30"
"Bradley Intl","BDL",US,4156.317N,07240.983W,174ft,5,58,9510ft,200ft,122.95,"BDL, 01/19 51A, RW width: 200, Tower: 120.3, UNICOM: 122.95, Fuel: 100LL"
"Brandon","VT55",US,4354.030N,07235.010W,710ft,3,170,1300ft,25ft,,"VT55, Landable, 17/35 13T, RW width: 25"
"Brisson","37VT",US,4352.117N,07319.083W,320ft,2,10,1600ft,50ft,,"37VT, Private, RW width: 50"
"Brookline","NH16",US,4244.500N,07142.430W,410ft,0,10,1900ft,24ft,,"NH16, 01/19 20A, RW width: 24"
"Brunswick Executive","BXM",US,4353.533N,06956.333W,75ft,5,372,8000ft,200ft,122.725,"BXM, RW width: 200, UNICOM: 122.725, Fuel: 100LL"
"Bulljump","11MA",US,4148.433N,07045.500W,59ft,2,40,1200ft,42ft,,"11MA, Private, 04/22 12T, RW width: 42"
"Burlington Intl.","BTV",US,4428.283N,07309.150W,335ft,5,146,8319ft,150ft,118.3,"BTV, RW width: 150, ATIS: 123.8, Tower: 118.3, UNICOM: 122.95, Fuel: 100LL"
"Buzzy's","ME89",US,4336.505N,07058.087W,650ft,2,90,1650ft,100ft,,"ME89, Private, 09/27 17T, RW width: 100"
"Caledonia","CDA",US,4434.133N,07201.067W,1188ft,5,24,3302ft,60ft,122.8,"6B8, 02/20 33A, RW width: 60, UNICOM: 122.8, Fuel: 100LL"
"Candlelight","11N",US,4134.000N,07327.967W,676ft,2,167,2900ft,50ft,122.9,"11N, 16/34 29T, RW width: 50, CTAF: 122.9, Turn Point"
"Cannizzaro","28MA",US,4204.710N,07249.110W,260ft,3,30,1600ft,50ft,,"28MA, Landable, RW width: 50"
"Canterbury Farm","CNTRBRFR",US,4130.500N,07318.467W,650ft,0,,,,,"CT60, 18/36 14T"
"Cape Cod","2B1",US,4141.250N,07024.217W,98ft,2,90,2700ft,60ft,122.9,"2B1, RW width: 60, CTAF: 122.9, Fuel: 100LL"
"Carriers Skypark","VT31",US,4406.670N,07226.640W,1570ft,2,10,1500ft,50ft,,"VT31, Private, 01/19 15G, RW width: 50"
"Catalano","1NK6",US,4425.417N,07344.983W,840ft,2,30,2400ft,70ft,,"1NK6, Private, RW width: 70"
"Catamount","VT62",US,4423.417N,07221.033W,1350ft,2,40,1390ft,40ft,,"VT62, Private, RW width: 40"
"Catskill Valley","2NY0",US,4216.833N,07357.167W,190ft,2,20,1475ft,50ft,,"2NY0, Private, RW width: 50"
"Chapin","1B8",US,4303.167N,07321.783W,510ft,2,46,2130ft,65ft,122.9,"1B8, RW width: 65, CTAF: 122.9"
"Chatham Muni","CQX",US,4141.300N,06959.367W,69ft,5,60,3001ft,100ft,122.8,"CQX, RW width: 100, UNICOM: 122.8, Fuel: 100LL"
"Chester","SNC",US,4123.033N,07230.350W,417ft,5,174,2722ft,50ft,122.8,"3B9, 17/35 26A, RW width: 50, UNICOM: 122.725, Fuel: 100LL"
"Chickville","NH18",US,4344.000N,07109.067W,561ft,2,10,2000ft,100ft,,"NH18, Private, 01/19 20T, RW width: 100"
"Cibor","CIBOR",US,4300.500N,07047.967W,98ft,0,,,,,"NH28, 10/28 25A"
"Circle K Ranch","NY65",US,4308.233N,07406.967W,920ft,2,160,1800ft,100ft,,"NY65, Private, RW width: 100"
"Claremont","CNH",US,4322.230N,07222.080W,540ft,5,109,3098ft,100ft,122.7,"CNH, 05/23 20A, RW width: 100, UNICOM: 122.7, Fuel: 100LL, Turn Point"
"Cleary","29NH",US,4259.917N,07120.117W,300ft,2,180,3200ft,60ft,,"29NH, Private, RW width: 60"
"Cliff Dow","54ME",US,4356.967N,07019.217W,415ft,2,50,1500ft,25ft,,"54ME, Private, RW width: 25"
"Cliffords","ME69",US,4404.133N,07003.867W,280ft,2,30,1680ft,50ft,,"ME69, Private, RW width: 50"
"Clouds Hill","CT66",US,4140.006N,07316.974W,940ft,2,140,1400ft,50ft,,"CT66, Private, 13/31 14T, RW width: 50"
"Cmelak","MA18",US,4204.750N,07318.433W,980ft,2,160,1250ft,80ft,,"MA18, Private, RW width: 80"
"Cole Farm","06NH",US,4255.700N,07058.383W,160ft,2,170,1900ft,150ft,,"06NH, Private, RW width: 150"
"Colebrook","4C4",US,4453.000N,07129.967W,1010ft,2,40,2466ft,75ft,122.8,"NH02, 04/22 24T, RW width: 75, UNICOM: 122.8, Turn Point"
"Columbia County","1B1",US,4217.483N,07342.617W,198ft,5,24,5350ft,100ft,123.05,"1B1, RW width: 100, UNICOM: 123.05, Fuel: 100/100LL"
"Concord Muni","CON",US,4312.000N,07130.160W,340ft,5,171,6005ft,100ft,122.7,"CON, 03/21 40A, RW width: 100, UNICOM: 122.7, Fuel: 100LL"
"Cooper Farm","NH07",US,4316.800N,07127.250W,470ft,2,160,1650ft,100ft,122.9,"NH07, Private, 16/34 17T, RW width: 100, CTAF: 122.9"
"Country Club","NH88",US,4303.990N,07136.670W,780ft,3,180,1275ft,75ft,122.8,"NH04, Landable, 18/36 12T, RW width: 75, UNICOM: 122.8"
"Cranland","28M",US,4201.483N,07050.283W,72ft,5,180,1760ft,60ft,122.9,"MA02, 18/36 18G, RW width: 60, CTAF: 122.9, Turn Point"
"Cross' Farm","4NY4",US,4233.567N,07346.317W,55ft,2,10,1500ft,100ft,,"4NY4, Private, RW width: 100"
"Crow Island","8MA4",US,4225.033N,07129.667W,180ft,2,110,2350ft,180ft,,"8MA4, Private, RW width: 180"
"Crystal","CRYSTAL",US,4227.816N,07146.466W,617ft,3,,1400ft,,,"Landable"
"Danbury Muni","DXR",US,4122.283N,07328.917W,459ft,5,84,4422ft,150ft,119.4,"DXR, 08/26 44A, RW width: 150, ATIS: 127.75, Tower: 119.4, UNICOM: 122.95, Fuel: 100LL"
"Danielson","LZD",US,4149.180N,07154.050W,240ft,5,134,2700ft,75ft,123.0,"5B3, 13/31 27A, RW width: 75, UNICOM: 123.0, Fuel: 100LL, Turn Point"
"Davis","VT45",US,4431.033N,07258.750W,640ft,2,45,1500ft,500ft,,"VT45, Private, RW width: 500"
"Dean Memorial","5B9",US,4404.780N,07200.460W,580ft,5,8,2511ft,58ft,122.8,"5B9, 01/19 25A, RW width: 58, UNICOM: 122.8, Fuel: 100LL, Turn Point"
"Deer Run","NY74",US,4219.417N,07352.383W,320ft,2,20,2450ft,50ft,,"NY74, Private, RW width: 50"
"Devils Hopyard","CT11",US,4126.633N,07220.333W,125ft,2,180,1250ft,200ft,,"CT11, Private, N/S 13T, RW width: 200"
"Dillant-Hopkins","EEN",US,4254.080N,07216.190W,480ft,5,142,4001ft,150ft,123.0,"EEN, 02/20 62A, RW width: 150, UNICOM: 123.0, Fuel: 100LL, Turn Point"
"Docktors Field","DCKTRSFL",US,4132.000N,07324.967W,299ft,0,,,,,"CT51, N/S 20T"
"Douglas","VT63",US,4459.717N,07222.733W,650ft,2,140,1200ft,60ft,,"VT63, Private, RW width: 60"
"Dresser Hill","MA30",US,4206.110N,07158.140W,800ft,3,180,1300ft,300ft,,"MA30, Landable, RW width: 300"
"Drury","DRURY",US,4238.550N,07259.750W,1600ft,3,350,1500ft,150ft,,"Landable, RW width: 150"
"Duanesburg","4B1",US,4245.600N,07408.083W,714ft,2,101,2600ft,45ft,123.0,"4B1, RW width: 45, UNICOM: 123.0, Fuel: 100LL"
"Dutchess Cnty","POU",US,4137.598N,07353.044W,166ft,5,63,5001ft,100ft,124.0,"POU, 06/24 50A, RW width: 100, ATIS: 126.75, Tower: 124.0, UNICOM: 122.95, Fuel: 100LL"
"Dyer's Landing","57ME",US,4355.067N,07051.267W,441ft,2,140,950ft,100ft,,"57ME, Private, RW width: 100"
"E.A. Deeds Farm","VT12",US,4417.470N,07317.030W,110ft,3,10,1700ft,75ft,,"VT12, Landable, RW width: 75"
"Eagle","15ME",US,4348.917N,07013.750W,150ft,2,70,2600ft,60ft,,"15ME, Private, RW width: 60"
"Eagles Nest","NH40",US,4324.280N,07156.940W,1000ft,5,140,2700ft,30ft,122.8,"NH40, Private, 14/32 28A, RW width: 30, UNICOM: 122.8"
"Eastern Slopes","IZG",US,4359.444N,07056.827W,452ft,5,143,4200ft,75ft,122.8,"IZG, 14/32 37A, RW width: 75, UNICOM: 122.8, Fuel: 100LL"
"Edward Knapp","MPV",US,4412.180N,07233.900W,1160ft,5,168,5000ft,100ft,122.8,"MPV, RW width: 100, UNICOM: 122.8, Fuel: 100LL"
"Ellington","7B9",US,4155.520N,07227.420W,250ft,5,10,1800ft,50ft,123.0,"7B9, 01/19 18A, RW width: 50, UNICOM: 123.0, Fuel: 100LL"
"Eric's","78ME",US,4345.183N,07015.550W,97ft,2,180,1900ft,60ft,,"78ME, Private, RW width: 60"
"Errol","ERR",US,4447.550N,07109.850W,1243ft,2,150,3680ft,75ft,122.8,"ERR, 15/33 37G, RW width: 75, UNICOM: 122.8"
"Essex County","CDW",US,4052.517N,07416.883W,172ft,5,43,4552ft,80ft,119.8,"CDW, RW width: 80, ATIS: 135.5, Tower: 119.8, UNICOM: 122.95, Fuel: 100LL"
"Fair Haven M","FAIRHVNM",US,4336.920N,07316.460W,370ft,3,,,,,"Landable"
"Fairholt","FAIRHOLT",US,4427.683N,07311.750W,351ft,0,,,,,
"Falmouth Air","5B6",US,4135.083N,07032.467W,43ft,5,70,2298ft,40ft,122.8,"5B6, RW width: 40, UNICOM: 122.8, Fuel: 100LL/UL94"
"Farr","ME33",US,4346.717N,07000.783W,70ft,2,140,1900ft,100ft,,"ME33, Private, RW width: 100"
"Fitchburg","FIT",US,4233.240N,07145.550W,340ft,5,144,4510ft,100ft,122.7,"FIT, 14/32 35A, RW width: 100, UNICOM: 122.7, Fuel: 100LL, Turn Point"
"Floyd Bennett","GFL",US,4320.467N,07336.617W,328ft,5,372,5000ft,150ft,123.0,"GFL, RW width: 150, UNICOM: 123.0, Fuel: 100LL"
"Flying Hsky","FLYNGHSK",US,4341.200N,07117.350W,620ft,0,,,,,"NH25, 09/27 15A"
"Flying Ridge","CT52",US,4122.083N,07317.467W,610ft,2,180,2000ft,200ft,,"CT52, Private, N/S 20T, RW width: 200"
"Franconia","1B5",US,4411.700N,07145.050W,970ft,2,188,2305ft,150ft,122.8,"1B5, 18/36 26T, RW width: 150, UNICOM: 122.8, Turn Point"
"Franklin","FSO",US,4456.417N,07305.833W,226ft,5,365,3000ft,60ft,122.8,"FSO, RW width: 60, UNICOM: 122.8, Fuel: 100LL"
"Freehold","1I5",US,4221.833N,07403.900W,440ft,5,124,2275ft,22ft,122.85,"1I5, RW width: 22, CTAF: 122.85"
"Frogs End","42VT",US,4421.940N,07309.170W,390ft,3,100,700ft,30ft,,"42VT, Landable, RW width: 30"
"Fulton County","NY0",US,4259.900N,07419.767W,881ft,5,103,4000ft,75ft,122.7,"NY0, RW width: 75, UNICOM: 122.7, Fuel: 100LL"
"Gager Field","CT36",US,4133.867N,07211.833W,466ft,2,20,2150ft,50ft,122.725,"CT36, Private, 02/20 22T, RW width: 50, UNICOM: 122.725"
"Gallup Farm","CT32",US,4132.117N,07150.067W,440ft,2,180,2000ft,200ft,,"CT32, Private, N/S 20T, RW width: 200"
"Galway","NY37",US,4300.550N,07405.467W,950ft,2,100,2200ft,90ft,,"NY37, Private, RW width: 90"
"Gar","7NY1",US,4245.800N,07416.700W,640ft,2,100,1100ft,50ft,,"7NY1, Private, RW width: 50"
"Garabedian Unknown","1MA5",US,4216.750N,07132.715W,440ft,5,110,1500ft,30ft,,"1MA5, Private, 11/29 14A, RW width: 30"
"Gardiner","5NY5",US,4140.000N,07408.983W,340ft,2,120,2400ft,20ft,122.975,"5NY5, Private, RW width: 20, UNICOM: 122.975"
"Gardner","GDM",US,4232.960N,07200.950W,950ft,5,179,3000ft,75ft,122.8,"GDM, 18/36 30A, RW width: 75, UNICOM: 122.8, Fuel: 100LL, Turn Point"
"Gardner Lake","GARDNRLK",US,4130.483N,07214.617W,486ft,0,,,,,"CT08, 16/34 19T"
"Garnseys","B04",US,4304.067N,07335.033W,100ft,2,19,2500ft,90ft,122.9,"B04, RW width: 90, CTAF: 122.9"
"Goddard","04MA",US,4248.583N,07108.350W,200ft,2,160,2100ft,300ft,,"04MA, Private, 16/34 21T, RW width: 300, Turn Point"
"Good Hill Farm","CT59",US,4133.000N,07315.967W,948ft,2,180,2700ft,200ft,,"CT59, Private, N/S 27T, RW width: 200"
"Goodspeed","42B",US,4126.733N,07227.333W,10ft,5,140,2120ft,50ft,122.8,"42B, 14/32 21A, RW width: 50, UNICOM: 122.8"
"Goosefair","ME45",US,4324.333N,07025.933W,40ft,2,140,1600ft,40ft,,"ME45, Private, RW width: 40"
"Gorham","2G8",US,4423.583N,07111.800W,837ft,2,125,2822ft,70ft,122.9,"NH05, 12/30 28T, RW width: 70, UNICOM: 122.8, Turn Point"
"Granville","01NK",US,4325.380N,07316.100W,420ft,2,158,2500ft,50ft,,"01NK, Private, RW width: 50"
"Great Barrington","GBR",US,4211.050N,07324.183W,738ft,5,110,2579ft,50ft,122.8,"GBR, 11/29 26A, RW width: 50, UNICOM: 122.8, Fuel: 100LL, Turn Point"
"Greaton","98M",US,4334.550N,07031.133W,170ft,2,60,2200ft,50ft,122.9,"98M, RW width: 50, CTAF: 122.9"
"Green Acres CT","CT96",US,4142.510N,07258.240W,950ft,5,160,1800ft,24ft,,"CT96, Private, 16/34 18A, RW width: 24"
"Green Acres NY","1A1",US,4208.967N,07345.033W,297ft,2,27,2275ft,75ft,122.9,"1A1, RW width: 75, CTAF: 122.9"
"Greenville-Rainbow","1H4",US,4225.183N,07400.417W,840ft,2,374,1801ft,75ft,122.8,"1H4, RW width: 75, UNICOM: 122.8"
"Greenwood Lake","4N1",US,4107.700N,07420.800W,790ft,5,61,3471ft,60ft,122.9,"4N1, RW width: 60, CTAF: 122.9, Fuel: 100LL"
"Greenwoods","VT38",US,4500.550N,07314.800W,179ft,2,10,2200ft,100ft,,"VT38, Private, RW width: 100"
"Greig Farm","9NK4",US,4201.467N,07351.383W,215ft,2,60,3400ft,35ft,,"9NK4, Private, RW width: 35"
"Griswold","GRISWOLD",US,4116.267N,07232.983W,16ft,0,,,,122.8,"N04, 06/24 19A"
"Groton-New London","GON",US,4119.800N,07202.700W,10ft,5,48,5000ft,150ft,125.6,"GON, 05/23 50A, RW width: 150, ATIS: 127.0, Tower: 125.6, Fuel: 100LL"
"Hadley","03MA",US,4223.610N,07233.000W,150ft,2,120,1600ft,60ft,,"03MA, Private, 12/30 16T, RW width: 60"
"Hampton Airfield","7B3",US,4257.750N,07049.717W,92ft,5,20,2100ft,170ft,122.8,"7B3, 02/20 21T, RW width: 170, UNICOM: 122.8, Fuel: 100LL/MOGAS"
"Hanscom","BED",US,4228.183N,07117.333W,135ft,5,113,7011ft,150ft,118.5,"BED, 05/23 51A, RW width: 150, ATIS: 124.6, Tower: 118.5, UNICOM: 122.95, Fuel: 100LL"
"Harriman-and-West","AQW",US,4241.760N,07310.020W,650ft,5,111,4300ft,100ft,122.8,"AQW, 11/29 43A, RW width: 100, UNICOM: 122.8, Fuel: 100LL, Turn Point"
"Harris","83K",US,4324.583N,07331.967W,261ft,2,40,2200ft,50ft,122.9,"83K, RW width: 50, CTAF: 122.9"
"Hartford-Brainard","HFD",US,4144.167N,07239.000W,20ft,5,24,4417ft,150ft,119.6,"HFD, 02/20 44A, RW width: 150, ATIS: 126.45, Tower: 119.6, UNICOM: 122.95, Fuel: 100LL"
"Hartness Sta","VSF",US,4320.460N,07231.160W,570ft,5,50,5501ft,100ft,122.8,"VSF, 05/23 55A, RW width: 100, UNICOM: 122.8, Fuel: 100LL"
"Haverhill-Riverside","HVRHLLRV",US,4246.167N,07102.000W,16ft,0,,,,122.8,"MA04, 06/24 16A"
"Hawk's Nest","88VT",US,4452.700N,07321.017W,140ft,2,30,2350ft,50ft,,"88VT, Private, RW width: 50"
"Hawthorne-Feather","8B1",US,4303.750N,07154.320W,600ft,5,15,3260ft,75ft,122.8,"8B1, 02/20 33A, RW width: 75, UNICOM: 122.8, Fuel: 100LL, Turn Point"
"Heacock","44ME",US,4340.633N,07037.017W,195ft,3,110,600ft,30ft,,"44ME, Private, Ultralight Field, RW width: 30"
"Heaton","NH61",US,4258.083N,07110.867W,190ft,2,110,1740ft,28ft,,"NH61, Private, 11/29 17T, RW width: 28, Turn Point"
"Heber","K30",US,4311.000N,07337.983W,230ft,5,60,2200ft,24ft,122.9,"K30, RW width: 24, CTAF: 122.9"
"Heckler Field","CT09",US,4148.160N,07223.510W,780ft,3,160,1360ft,120ft,,"CT09, Landable, 16/34 14T, RW width: 120"
"High Banks Farm","1NY4",US,4437.050N,07354.667W,1520ft,2,100,3000ft,100ft,,"1NY4, Private, RW width: 100"
"Hill Top","JY43",US,4105.000N,07420.317W,921ft,5,90,2150ft,40ft,,"JY43, Private, RW width: 40"
"Hilltop","ME92",US,4431.000N,07013.333W,600ft,2,150,1200ft,50ft,,"ME92, Private, RW width: 50"
"Hines","9NY7",US,4301.967N,07409.050W,925ft,2,120,1800ft,100ft,,"9NY7, Private, RW width: 100"
"Hiserts","3NY7",US,4259.067N,07431.167W,813ft,2,90,2200ft,40ft,122.8,"3NY7, Private, RW width: 40, UNICOM: 122.8"
"Hogan","NY05",US,4246.883N,07419.533W,1260ft,2,120,3000ft,130ft,,"NY05, Private, RW width: 130"
"Holloway","VT13",US,4318.010N,07242.810W,1510ft,3,180,1126ft,100ft,,"VT13, Landable, N/S 11T, RW width: 100"
"Hopedale","1B6",US,4206.310N,07130.580W,260ft,5,182,3172ft,90ft,122.8,"1B6, 18/36 32A, RW width: 90, UNICOM: 122.8, Fuel: 100LL, Turn Point"
"Howard","HOWARD",US,4227.966N,07157.216W,1050ft,3,,1800ft,,,"Landable"
"Hubbardston","HBBRDSTN",US,4229.650N,07202.366W,1220ft,3,,1500ft,,,"Landable"
"Huff Memorial","NH60",US,4257.550N,07139.190W,840ft,3,160,940ft,100ft,,"NH60, Landable, 16/34 9T, RW width: 100"
"Hulett Landing","VT60",US,4319.800N,07314.530W,640ft,3,20,1125ft,75ft,,"VT60, Landable, RW width: 75"
"Igor I Sikorsky","BDR",US,4109.800N,07307.567W,10ft,5,111,4761ft,150ft,120.9,"BDR, RW width: 150, ATIS: 119.15, Tower: 120.9, UNICOM: 123.0, Fuel: 100LL"
"In The Woods","18NY",US,4200.983N,07402.950W,500ft,2,50,2000ft,40ft,,"18NY, Private, RW width: 40"
"Intervale","NH86",US,4310.500N,07147.260W,415ft,5,140,2100ft,45ft,,"NH86, Private, RW width: 45"
"Irish Hills Farms","33CT",US,4136.567N,07314.383W,830ft,2,160,1450ft,100ft,,"33CT, Private, RW width: 100"
"Iwan","7NY8",US,4257.833N,07407.533W,773ft,2,90,1400ft,250ft,,"7NY8, Private, RW width: 250"
"Jaffrey","AFN",US,4248.300N,07200.170W,1030ft,5,162,2982ft,134ft,122.8,"AFN, 16/34 30A, RW width: 134, UNICOM: 122.8, Fuel: 100LL, Turn Point"
"Jerry Phibbs","NK43",US,4245.500N,07355.467W,340ft,2,120,2800ft,50ft,,"NK43, Private, RW width: 50"
"Johnson Landing","11NY",US,4149.150N,07338.600W,900ft,2,180,4021ft,65ft,,"11NY, Private, RW width: 65"
"Johnson MA","JOHNSONM",US,4233.583N,07203.266W,1120ft,3,,1300ft,,,"Landable"
"Johnson NY","NY50",US,4259.500N,07408.167W,760ft,2,90,2810ft,40ft,,"NY50, Private, RW width: 40"
"Joseph Y Resnick","N89",US,4143.667N,07422.650W,292ft,5,47,3838ft,75ft,122.8,"N89, RW width: 75, UNICOM: 122.8, Fuel: 100LL"
"Ketcham Lndg","VT30",US,4409.740N,07250.070W,790ft,3,180,1050ft,150ft,,"VT30, Landable, RW width: 150"
"Kingston-Ulster","20N",US,4159.117N,07357.867W,147ft,5,153,3100ft,60ft,122.8,"20N, RW width: 60, UNICOM: 122.8, Fuel: 100LL"
"Klaverack","04NY",US,4215.733N,07341.767W,250ft,2,20,5200ft,50ft,,"04NY, Private, RW width: 50"
"Kline Kill","NY1",US,4221.005N,07338.224W,380ft,2,10,4000ft,75ft,122.9,"NY22, 01/19 40T, RW width: 75, CTAF: 122.9"
"Kobelt","N45",US,4137.450N,07408.500W,420ft,5,30,2864ft,50ft,122.8,"N45, RW width: 50, UNICOM: 122.8, Fuel: 100LL"
"LP1","LP1",US,4307.453N,07306.350W,835ft,3,0,1400ft,200ft,,"Land to north(uphill), NOT VISUALLY VERIFIED!"
"LP2","LP2",US,4307.073N,07306.331W,644ft,3,00,875ft,500ft,,"Squarish field, land diagonally, upslope to north,  NOT VISUALLY VERIFIED!"
"LP3","LP3",US,4304.477N,07307.601W,900ft,3,00,1300ft,180ft,,"upslope to north, parrallel to power line cut,  NOT VISUALLY VERIFIED!"
"LP4","LP4",US,4237.174N,07246.642W,504ft,3,00,1100ft,300ft,,"South of Deerfield River/Rt 2 and next to train tracks,  NOT VISUALLY VERIFIED!"
"LP5","LP5",US,4237.747N,07253.303W,556ft,3,00,950ft,65ft,,"Right next to Rt2, varying width field,  NOT VISUALLY VERIFIED!"
"LP6","LP6",US,4238.119N,07253.991W,574ft,3,00,1000ft,300ft,,"Perpendicular to Rt2, fairly level,  NOT VISUALLY VERIFIED!"
"LP7","LP7",US,4238.165N,07254.526W,566ft,3,00,2000ft,230ft,,"Next to Mohawk Part Campgrounds. 10ft upslope to west, NOT VISUALLY VERIFIED"
"Laconia Muni","LCI",US,4334.350N,07125.133W,545ft,5,84,5890ft,100ft,123.3,"LCI, 08/26 53A, RW width: 100, UNICOM: 123.0, Fuel: 100LL"
"Ladybug","LADYBUG",US,4228.183N,07203.800W,1060ft,3,,1700ft,,,"Landable"
"Lake Placid","LKP",US,4415.867N,07357.717W,1747ft,5,141,4196ft,60ft,122.8,"LKP, RW width: 60, UNICOM: 122.8, Fuel: 100LL"
"Lake Rd Power","LKRDPWR ",US,4152.390N,07153.720W,1330ft,0,,,,,
"Lakes Region","LAKESRGN",US,4335.250N,07115.967W,581ft,0,,,,122.8,"8B8, 12/30 20A"
"Lakeside","CT43",US,4134.917N,07154.883W,207ft,2,160,1725ft,150ft,122.9,"5B4, Private, 11/29 25A, RW width: 150"
"Lanes","LANES",US,4229.833N,07154.816W,1170ft,0,,1000ft,,,
"Lawrence Muni","LWM",US,4243.017N,07107.400W,148ft,5,53,5001ft,150ft,119.25,"LWM, 05/23 50A, RW width: 150, ATIS: 126.75, Tower: 119.25, UNICOM: 122.8, Fuel: 100LL"
"Leavitt","NH38",US,4358.350N,07110.183W,860ft,5,100,2000ft,40ft,,"NH38, Private, 10/28 20G, RW width: 40"
"Lebanon Muni","LEB",US,4337.650N,07218.410W,600ft,5,75,5500ft,100ft,125.95,"LEB, 07/25 55A, RW width: 100, ATIS: 118.65, Tower: 125.95, UNICOM: 122.95, Fuel: 100LL"
"Lewis","NY66",US,4308.000N,07406.967W,900ft,2,180,2000ft,100ft,,"NY66, Private, RW width: 100"
"Lewis Landing","NK79",US,4124.400N,07431.983W,880ft,2,80,2200ft,50ft,,"NK79, Private, RW width: 50"
"Lightning Bolt","04VT",US,4424.067N,07215.817W,2156ft,2,60,1300ft,40ft,,"04VT, Private, RW width: 40"
"Limington-Harmon","63B",US,4345.855N,07040.387W,291ft,5,110,2973ft,50ft,122.7,"63B, 11/29 30A, RW width: 50, UNICOM: 122.7, Fuel: 100LL"
"Lincoln Park","N07",US,4056.850N,07418.867W,182ft,5,368,2942ft,40ft,122.8,"N07, RW width: 40, UNICOM: 122.8, Fuel: 100LL"
"Lindbergh","08ME",US,4448.850N,07020.717W,554ft,2,130,3200ft,90ft,,"08ME, Private, RW width: 90"
"Littlebrook","3B4",US,4308.589N,07046.337W,130ft,5,126,2701ft,50ft,122.9,"3B4, 12/30 25A, RW width: 50, CTAF: 122.9"
"Locke Lake","NH15",US,4323.200N,07114.000W,702ft,2,150,2500ft,300ft,,"NH15, Private, 15/33 25T, RW width: 300"
"Logan Intrnl","BOS",US,4221.850N,07100.300W,20ft,5,151,10083ft,150ft,122.95,"BOS, 09/27 70A, RW width: 150, Tower: 124.725, 128.8, 132.225, UNICOM: 122.95, Fuel: 100LL"
"MD1","08NY",US,4122.033N,07431.133W,569ft,2,58,500ft,60ft,,"08NY, Private, RW width: 60"
"Maben","NY98",US,4216.333N,07423.650W,1800ft,2,30,4000ft,50ft,,"NY98, Private, RW width: 50"
"Mahopac","MAHOPAC",US,4122.922N,07345.891W,700ft,0,,,,,"N77, 01/19 18T"
"Malone-Dufort","MAL",US,4451.217N,07419.733W,790ft,5,51,3994ft,100ft,122.8,"MAL, RW width: 100, UNICOM: 122.8, Fuel: 100LL"
"Manchester","MHT",US,4256.000N,07126.250W,230ft,5,173,9250ft,150ft,122.95,"MHT, 06/24 58A, RW width: 150, ATIS: 119.55, Tower: 121.3, UNICOM: 122.95, Fuel: 100LL"
"Manning","VT10",US,4358.883N,07323.133W,256ft,2,180,2200ft,200ft,,"VT10, Private, RW width: 200"
"Mansfield","1B9",US,4200.000N,07111.800W,121ft,2,44,2200ft,100ft,123.3,"1B9, 04/22 22T, RW width: 100, UNICOM: 123.0, Fuel: 100LL, Turn Point"
"Maple Ridge","03ME",US,4405.050N,07037.633W,556ft,2,180,2400ft,90ft,,"03ME, Private, RW width: 90"
"Maplewood","CT39",US,4128.100N,07242.500W,279ft,2,150,1400ft,50ft,,"CT39, Private, 15/33 14T, RW width: 50, Turn Point"
"Marcy","1I1",US,4413.250N,07347.283W,985ft,2,20,2390ft,95ft,122.9,"1I1, RW width: 95, CTAF: 122.9"
"Margerison","ME75",US,4357.233N,07008.483W,220ft,2,90,2800ft,100ft,,"ME75, Private, RW width: 100"
"Mariaville","8NY5",US,4249.217N,07408.883W,1260ft,2,100,1820ft,100ft,,"8NY5, Private, RW width: 100"
"Marshall's","MA16",US,4221.860N,07149.230W,640ft,3,180,1700ft,800ft,,"MA16, Landable, 18/36 17T, RW width: 800"
"Marshfield","GHG",US,4205.883N,07040.317W,10ft,5,62,3900ft,100ft,122.8,"3B2, 06/24 30A, RW width: 100, UNICOM: 122.8, Fuel: 100LL"
"Mason","NH76",US,4243.610N,07146.930W,730ft,2,150,1500ft,100ft,,"Private, RW width: 100"
"Mason MA","MASON MA",US,4224.670N,07150.790W,680ft,3,,1500ft,,,"Landable"
"Meadow","07VT",US,4426.833N,07254.883W,801ft,2,140,595ft,20ft,,"07VT, Private, RW width: 20"
"Meadowbrook","6MA2",US,4251.600N,07059.717W,118ft,2,120,2000ft,75ft,,"6MA2, Private, 12/30 20T, RW width: 75"
"Meerwarth","6NK2",US,4257.033N,07320.083W,640ft,2,160,2200ft,100ft,,"6NK2, Private, RW width: 100"
"Melrose Springs","VT73",US,4356.700N,07319.017W,300ft,2,50,1700ft,50ft,,"VT73, Private, RW width: 50"
"Melvin Village","MELVNVLG",US,4342.500N,07117.133W,669ft,0,,,,,"NH24, 13/31 23T"
"Meriden Markham","MMK",US,4130.517N,07249.767W,102ft,5,176,3100ft,75ft,122.8,"MMK, 18/36 31A, RW width: 75, UNICOM: 123.05, Fuel: 100LL"
"Merrymeeting","08B",US,4400.000N,06953.233W,61ft,2,140,1935ft,100ft,122.9,"08B, RW width: 100, CTAF: 122.9"
"Metenosky Aviation","METENSKV",US,4144.860N,07217.820W,560ft,3,,,,,"CT10, Landable"
"Middlebury","6B0",US,4359.120N,07305.730W,490ft,5,13,3000ft,50ft,122.8,"6B0, RW width: 50, UNICOM: 122.8, Fuel: 100LL"
"Mile Creek","5CT7",US,4118.133N,07217.767W,30ft,2,20,1800ft,100ft,,"5CT7, Private, RW width: 100"
"Miller Farm","VT47",US,4246.730N,07231.700W,330ft,2,180,1800ft,100ft,,"VT47, Private, RW width: 100"
"Minute Man Airport","6B6",US,4227.670N,07131.120W,260ft,2,33,1600ft,70ft,122.8,"6B6, 03/21 27A, RW width: 70, UNICOM: 122.8, Fuel: 100LL"
"Monadnock","MONADNCK",US,4251.683N,07206.480W,3173ft,0,,,,,
"Moody","21ME",US,4340.633N,07025.350W,148ft,2,150,1200ft,66ft,,"21ME, Private, RW width: 66"
"Moore","01NH",US,4338.660N,07205.210W,840ft,3,170,600ft,100ft,,"01NH, Landable, RW width: 100"
"Moore AAF","MOOREAAF",US,4234.200N,07136.167W,260ft,0,,,,,
"Moore's Field","MOORSFLD",US,4255.450N,07231.780W,310ft,3,,,,,"VT41, Landable, 03/21 18T"
"Mormon","MORMON",US,4234.400N,07227.400W,650ft,3,,1100ft,,,"Landable"
"Morristown","MMU",US,4047.967N,07424.900W,187ft,5,49,5998ft,150ft,118.1,"MMU, RW width: 150, ATIS: 124.25, Tower: 118.1, Fuel: 100LL"
"Morrisville","MVL",US,4432.067N,07236.833W,732ft,5,14,3700ft,75ft,122.8,"MVL, RW width: 75, UNICOM: 122.8, Fuel: 100LL"
"Mortimer Brown Landing","1VT8",US,4339.880N,07309.970W,850ft,2,180,1650ft,80ft,,"1VT8, Private, RW width: 80"
"Moseleys","MOSELEYS",US,4254.338N,07325.723W,540ft,0,,,,,"NY67, 18/36 20T"
"Moultonboro","53NH",US,4346.100N,07123.200W,571ft,5,20,3475ft,50ft,122.8,"NH08, Private, 02/20 36A, RW width: 50, UNICOM: 122.8, Fuel: 100LL, Turn Point"
"Mount Washington","HIE",US,4422.050N,07132.670W,1070ft,5,104,4001ft,75ft,122.8,"HIE, 10/28 35A, RW width: 75, UNICOM: 122.8, Fuel: 100LL"
"Mountain Meadow","MTNMEADW",US,4146.240N,07300.610W,1020ft,0,,,,,"22B, 01/19 34A"
"Mountain View Farm","VT64",US,4430.917N,07238.467W,1200ft,2,20,1500ft,60ft,,"VT64, Private, RW width: 60"
"Mountain View NH","NH31",US,4339.000N,07108.970W,965ft,2,140,3000ft,105ft,,"NH31, Private, 14/32 30T, RW width: 105"
"Mountain View NY 1","14NK",US,4320.400N,07328.733W,243ft,2,20,1800ft,50ft,122.725,"14NK, Private, RW width: 50, UNICOM: 122.725"
"Mountain View NY 2","4NY0",US,4440.133N,07332.767W,500ft,2,20,1800ft,75ft,,"4NY0, Private, RW width: 75"
"Mt Snow Deerfield","4V8",US,4255.620N,07251.940W,1950ft,5,5,2650ft,75ft,122.8,"4V8, 01/19 27A, RW width: 75, UNICOM: 122.8"
"Mundale","MA80",US,4207.270N,07248.760W,280ft,3,30,1300ft,50ft,,"MA80, Landable, 03/21 16T, RW width: 50"
"Murphy-Sherwood Park","NH43",US,4310.767N,07108.217W,200ft,2,120,1750ft,75ft,,"NH43, Private, RW width: 75"
"Murphys Landing","0NY7",US,4302.250N,07411.050W,940ft,2,40,2000ft,75ft,,"0NY7, Private, RW width: 75"
"Muschopauge","MUSCHOPG",US,4223.240N,07155.230W,1090ft,3,,2700ft,,,"Landable"
"Myricks","1M8",US,4150.333N,07101.550W,72ft,2,90,2466ft,50ft,122.9,"MA18, 09/27 22T, RW width: 50, CTAF: 122.9, Fuel: 100LL"
"Mystery Farm","MYSTRFRM",US,4144.020N,07131.690W,310ft,0,,,,,"RI20, 17/35 7T"
"Nadeau's","02ME",US,4332.233N,07055.767W,700ft,2,140,2400ft,60ft,,"02ME, Private, RW width: 60"
"Nettie's Place","NK83",US,4242.600N,07413.417W,1330ft,2,90,2000ft,100ft,,"NK83, Private, RW width: 100"
"New Bedford","EWB",US,4140.567N,07057.400W,79ft,5,54,5400ft,150ft,118.1,"EWB, 05/23 50A, RW width: 150, ATIS: 126.85, Tower: 118.1, UNICOM: 122.95, Fuel: 100LL"
"New England","NEWNGLND",US,4245.472N,07114.570W,128ft,0,,,,,"NH29, E/W 20T"
"Newfound","2N2",US,4335.470N,07145.100W,510ft,5,30,1900ft,40ft,122.9,"NH01, 03/21 18A, RW width: 40, CTAF: 122.9, Turn Point"
"Newport RI","UUU",US,4131.946N,07116.893W,172ft,5,39,2999ft,75ft,123.05,"UUU, 04/22 30A, RW width: 75, UNICOM: 123.05, Fuel: 100LL"
"Newport VT","EFK",US,4453.317N,07213.733W,928ft,5,177,5000ft,100ft,122.8,"EFK, RW width: 100, UNICOM: 122.8, Fuel: 100LL"
"Newton Dirt","NEWTNDRT",US,4237.283N,07154.500W,1220ft,3,,1700ft,,,"Landable"
"Norfolk","NORFOLK",US,4207.500N,07122.250W,140ft,3,,,,,"MA07, Landable, 18/36 27A"
"Norm's","31MA",US,4215.720N,07224.520W,460ft,3,150,1000ft,150ft,,"31MA, Landable, RW width: 150"
"North Canaan","CT24",US,4202.717N,07320.317W,659ft,2,30,3100ft,75ft,,"CT24, Private, 03/21 31T, RW width: 75"
"North Central","SFZ",US,4155.160N,07129.610W,440ft,5,47,5000ft,100ft,123.075,"SFZ, 05/23 50A, RW width: 100, UNICOM: 123.075, Fuel: 100LL"
"North Row","N ROW",US,4228.783N,07146.266W,620ft,3,,1200ft,,,"Landable"
"North Windham","NWINDHAM",US,4313.280N,07242.800W,1750ft,3,,,,,"VT05, Landable, 09/27 23T"
"Northampton","7B2",US,4219.680N,07236.670W,120ft,5,143,3335ft,50ft,122.7,"7B2, 14/32 35A, RW width: 50, UNICOM: 122.7, Fuel: 100LL, Turn Point"
"Northern Lights","VT46",US,4452.317N,07317.183W,131ft,2,30,2000ft,80ft,122.8,"VT46, Private, RW width: 80, UNICOM: 122.8"
"Northfield","NORTHFLD",US,4236.333N,07228.700W,260ft,3,,2000ft,,,"Landable"
"Northway","NY97",US,4440.000N,07333.967W,420ft,2,180,2100ft,100ft,,"NY97, Private, RW width: 100"
"Northwood","NH84",US,4312.450N,07113.267W,640ft,2,120,2300ft,75ft,,"NH84, Private, RW width: 75"
"Norwood Memorial","OWD",US,4211.433N,07110.383W,49ft,5,170,4008ft,100ft,126.0,"OWD, 10/28 40A, RW width: 100, ATIS: 119.95, Tower: 126.0, Fuel: 100LL"
"Old Orchard","2NK9",US,4139.433N,07404.633W,660ft,2,180,2800ft,100ft,122.9,"2NK9, Private, RW width: 100, CTAF: 122.9"
"Old Rhinebeck","NY94",US,4158.289N,07351.775W,323ft,2,180,2200ft,75ft,,"NY94, Private, N/S 22D, RW width: 75"
"Onyon","VT43",US,4301.070N,07239.150W,420ft,3,120,1700ft,100ft,,"VT43, Landable, 12/30 20T, RW width: 100"
"Orange","ORE",US,4234.200N,07217.300W,550ft,5,16,4999ft,75ft,122.8,"ORE, 01/19 50A, RW width: 75, UNICOM: 122.8, Fuel: 100LL, Turn Point"
"Orange County","MGJ",US,4130.717N,07415.817W,370ft,5,36,5006ft,100ft,122.725,"MGJ, RW width: 100, UNICOM: 122.725, Fuel: 100LL"
"Orange Poultry Farm","4NY1",US,4119.667N,07419.483W,420ft,2,45,2000ft,150ft,,"4NY1, Private, RW width: 150"
"Otis ANGB","FMH",US,4139.500N,07031.283W,131ft,5,142,9501ft,150ft,128.425,"FMH, Private, RW width: 150, ATIS: 120.475, Tower: 128.425, Fuel: 100"
"Oxford County","81B",US,4409.450N,07028.883W,345ft,5,148,2997ft,75ft,122.8,"81B, RW width: 75, UNICOM: 122.8, Fuel: 100LL"
"Papp","16NY",US,4315.117N,07333.800W,206ft,2,180,1850ft,50ft,,"16NY, Private, RW width: 50"
"Parlin Field","2B3",US,4323.250N,07211.180W,780ft,5,180,3448ft,80ft,122.8,"2B3, 18/36 19T, RW width: 80, UNICOM: 122.8, Fuel: 100LL, Turn Point"
"Patriot Farm","PATRTFRM",US,4249.870N,07206.290W,1260ft,3,,1500ft,,,"Landable"
"Pease","PEASE",US,4233.583N,07206.517W,1070ft,3,,1600ft,,,"Landable"
"Pease International","PSM",US,4304.667N,07049.383W,102ft,5,165,11321ft,150ft,122.95,"PSM, 16/34 113A, RW width: 150, ATIS: 132.05, Tower: 128.4, UNICOM: 122.95, Fuel: 100LL/J8"
"Pepperell","26MA",US,4241.720N,07133.040W,180ft,5,60,2820ft,25ft,123.05,"26MA, Private, RW width: 25, UNICOM: 123.05"
"Perras Field","VT44",US,4431.600N,07234.883W,820ft,2,160,2200ft,60ft,122.8,"VT44, Private, RW width: 60, UNICOM: 122.8"
"Perrotti Skyranch","09ME",US,4320.450N,07051.283W,260ft,2,40,2000ft,100ft,,"09ME, Private, RW width: 100"
"Pheasant Field","MA64",US,4204.517N,07048.917W,39ft,2,180,2000ft,150ft,,"MA64, Private, N/S 20T, RW width: 150"
"Pilgrim's Home","2NH5",US,4259.410N,07224.100W,620ft,3,170,800ft,40ft,,"2NH5, Landable, RW width: 40"
"Pines","NY64",US,4306.167N,07409.300W,850ft,2,120,2800ft,120ft,,"NY64, Private, RW width: 120"
"Piolis Brookside","6NY7",US,4151.917N,07419.983W,1060ft,2,140,2600ft,75ft,,"6NY7, Private, RW width: 75"
"Pittsfield","PSF",US,4225.640N,07317.540W,1190ft,5,79,5791ft,100ft,122.7,"PSF, 08/26 50A, RW width: 100, UNICOM: 122.7, Fuel: 100LL, Turn Point"
"Plateau Sky Ranch","1F2",US,4313.533N,07406.867W,1070ft,2,61,2400ft,100ft,122.8,"1F2, RW width: 100, UNICOM: 122.8"
"Plattsburgh","PBG",US,4439.050N,07328.083W,234ft,5,172,11759ft,200ft,122.7,"PBG, RW width: 200, UNICOM: 122.7, Fuel: 100LL"
"Plum Island","2B2",US,4247.750N,07050.467W,10ft,2,140,2300ft,100ft,123.3,"2B2, 10/28 25A, RW width: 100, UNICOM: 123.0, Fuel: 100LL, Turn Point"
"Plymouth MA","PYM",US,4154.583N,07043.717W,148ft,5,56,4350ft,75ft,123.3,"PYM, 06/24 35A, RW width: 75, UNICOM: 122.725, Fuel: 100LL, Turn Point"
"Plymouth NH","1P1PLYMOUTH MUNI",US,4346.690N,07145.200W,500ft,2,120,2347ft,90ft,122.8,"1P1, 12/30 24T, RW width: 90, AWOS: 122.8, Tower: 122.8, UNICOM: 122.8, Fuel: 000, Turn Point"
"Portland Jetport","PWM",US,4338.733N,07018.517W,76ft,5,110,7200ft,150ft,120.9,"PWM, RW width: 150, ATIS: 119.05, Tower: 120.9, 120.9, UNICOM: 122.95, CTAF: 120.9, Fuel: 100LL"
"Post Mills","2B9",US,4353.060N,07215.130W,700ft,2,40,2900ft,80ft,122.8,"2B9, 04/22 29T, RW width: 80, UNICOM: 122.8"
"Presby","25NH",US,4413.970N,07142.910W,1220ft,2,70,1800ft,60ft,,"25NH, Private, RW width: 60"
"Propwash","21NH",US,4255.017N,07056.117W,190ft,2,130,1450ft,80ft,,"21NH, Private, RW width: 80"
"Quabog","QUABOG",US,4212.470N,07204.630W,610ft,3,340,1800ft,200ft,,"Landable, RW width: 200"
"Quonset","OQU",US,4135.812N,07124.712W,19ft,5,160,7504ft,150ft,126.35,"OQU, 05/23 40A, RW width: 150, ATIS: 118.6, Tower: 126.35, UNICOM: 122.95, Fuel: 100LL"
"Ranch","3NY0",US,4249.633N,07424.233W,1110ft,2,80,2200ft,50ft,,"3NY0, Private, RW width: 50"
"Randall","06N",US,4125.917N,07423.500W,523ft,5,75,2810ft,60ft,122.8,"06N, RW width: 60, UNICOM: 122.8"
"Rankl Field","CT20",US,4136.000N,07225.967W,351ft,2,315,1600ft,200ft,,"CT20, Private, RW width: 200"
"Rensselaer County","5B7",US,4241.500N,07334.800W,440ft,5,175,2670ft,50ft,122.7,"5B7, RW width: 50, UNICOM: 122.7"
"Rentschler","RNTSCHLR",US,4145.060N,07237.460W,30ft,0,,,,,"EHT, 04/22 73A"
"Richmond","08R",US,4129.339N,07137.220W,130ft,5,110,2129ft,30ft,122.8,"RI04, 11/29 21A, RW width: 30, UNICOM: 122.8, Fuel: 100LL"
"Riconn","RI11",US,4141.806N,07147.021W,390ft,2,90,1600ft,100ft,,"RI11, Private, 09/27 16T, RW width: 100"
"Rindge","RINDGE",US,4245.483N,07201.167W,1340ft,3,,1000ft,,,"Landable"
"Ripley Field","RIPLEFLD",US,4147.133N,07318.517W,1329ft,0,,,,,"CT44, 17/35 20T"
"Roberts Farm","CT85",US,4153.400N,07236.890W,36ft,2,80,2000ft,50ft,,"CT85, Private, 08/26 20T, RW width: 50"
"Robertson","4B8",US,4141.417N,07251.883W,200ft,5,20,3665ft,75ft,122.8,"4B8, 02/20 36A, RW width: 75, UNICOM: 122.8, Fuel: 100LL, Turn Point"
"Rocky Ridge","ME39",US,4414.117N,07007.950W,480ft,2,20,1350ft,75ft,,"ME39, Private, RW width: 75"
"Root","ROOT",US,4229.800N,07203.833W,1150ft,3,,1800ft,,,"Landable"
"Round Lake","W57",US,4255.867N,07346.250W,178ft,2,143,1927ft,76ft,122.8,"W57, RW width: 76, UNICOM: 122.8"
"Roxbury Runway","1NK0",US,4217.833N,07432.900W,1600ft,2,30,1735ft,100ft,,"1NK0, Private, RW width: 100"
"Russell 1","NY51",US,4252.200N,07429.950W,700ft,2,120,1700ft,40ft,,"NY51, Private, RW width: 40"
"Russell 2","0NY1",US,4308.350N,07339.183W,260ft,2,30,1360ft,125ft,,"0NY1, Private, RW width: 125"
"Rutland","RUT",US,4331.780N,07256.980W,780ft,5,14,5003ft,100ft,122.8,"RUT, 01/19 50A, RW width: 100, UNICOM: 122.8, Fuel: 100LL"
"Salmon Falls","ME61",US,4317.672N,07053.970W,190ft,2,140,2000ft,200ft,,"ME61, Private, 14/32 20T, RW width: 200"
"Salmon River","9B8",US,4135.367N,07226.533W,541ft,2,170,2000ft,60ft,122.9,"9B8, 17/35 20T, RW width: 60, CTAF: 122.9"
"Sanford","SFM",US,4323.632N,07042.480W,244ft,5,75,6389ft,100ft,123.075,"SFM, 07/25 60A, RW width: 100, UNICOM: 123.075, Fuel: 100LL/MOGAS"
"Santa's","VT06",US,4300.200N,07228.580W,670ft,2,170,2500ft,50ft,,"VT06, Private, 17/35 20T, RW width: 50"
"Saratoga County","5B2",US,4303.050N,07351.700W,434ft,5,53,4699ft,100ft,123.075,"5B2, RW width: 100, UNICOM: 123.075, Fuel: 100LL"
"Savage Island","VT15",US,4442.233N,07314.750W,125ft,2,20,2500ft,90ft,,"VT15, Private, RW width: 90"
"Schenectady County","SCH",US,4251.150N,07355.733W,378ft,5,40,7001ft,150ft,121.3,"SCH, RW width: 150, Tower: 121.3, UNICOM: 122.95, Fuel: 100LL"
"Schroon Lake","4B7",US,4351.750N,07344.433W,834ft,5,160,3000ft,60ft,122.9,"4B7, RW width: 60, CTAF: 122.9"
"Scottow Bog Flightpark","ME66",US,4336.750N,07021.433W,30ft,3,90,900ft,300ft,,"ME66, Private, Ultralight Field, RW width: 300"
"Secret Spot","3NK5",US,4437.000N,07327.917W,155ft,2,90,1950ft,50ft,,"3NK5, Private, RW width: 50"
"Sharon","K31",US,4246.700N,07434.667W,1508ft,2,130,2570ft,120ft,122.8,"K31, RW width: 120, UNICOM: 122.8"
"Shaw Meadow","VT52",US,4438.600N,07311.250W,230ft,2,10,2150ft,150ft,,"VT52, Private, RW width: 150"
"Sheeley's Farm","NK08",US,4149.917N,07407.800W,260ft,2,130,2000ft,40ft,,"NK08, Private, RW width: 40"
"Shelburne","VT8",US,4421.600N,07313.580W,320ft,2,6,3100ft,60ft,122.8,"VT8, RW width: 60, UNICOM: 122.8, Fuel: MOGAS"
"Shelburne Farms","VT22",US,4424.083N,07316.017W,131ft,2,180,1900ft,80ft,,"VT22, Private, RW width: 80"
"Sherman","1NY5",US,4138.339N,07344.574W,625ft,2,180,1570ft,40ft,,"1NY5, Private, 18/36 16G, RW width: 40"
"Sherman-Pvt","MA63",US,4204.433N,07047.883W,33ft,2,180,1500ft,50ft,,"MA63, Private, N/S 15T, RW width: 50"
"Sherwood Farm","7NY6",US,4253.621N,07330.474W,530ft,2,70,2000ft,30ft,,"7NY6, Private, 07/25 20T, RW width: 30"
"Silvernails","82NY",US,4200.083N,07340.267W,571ft,2,20,1000ft,40ft,,"82NY, Private, RW width: 40"
"Simsbury","4B9",US,4154.940N,07246.630W,190ft,5,30,2205ft,50ft,122.7,"4B9, 03/21 22A, RW width: 50, UNICOM: 122.7, Fuel: 100LL"
"Six Ponds","3NY6",US,4250.467N,07410.717W,1125ft,2,110,3000ft,50ft,,"3NY6, Private, RW width: 50"
"Skis Landing","CT07",US,4134.417N,07218.183W,509ft,2,90,1500ft,75ft,,"CT07, Private, 09/27 15T, RW width: 75"
"Sky Acres NY","44N",US,4142.446N,07344.282W,700ft,5,167,3830ft,60ft,122.8,"44N, 17/35 38A, RW width: 60, UNICOM: 122.8, Fuel: 100LL"
"Sky Acres VT","VT25",US,4425.000N,07309.967W,330ft,2,180,1730ft,60ft,,"VT25, Private, RW width: 60"
"Sky Park","46N",US,4159.075N,07350.158W,323ft,5,13,2664ft,30ft,122.9,"46N, 01/19 27A, RW width: 30, CTAF: 122.9"
"Skydive Lebanon","ME64",US,4322.505N,07055.754W,365ft,5,170,4000ft,28ft,,"ME64, Private, 17/35 30A, RW width: 28"
"Skyhaven","DAW",US,4317.033N,07055.750W,322ft,5,147,4201ft,75ft,122.7,"6B1, 15/33 40A, RW width: 75, UNICOM: 122.7, Fuel: 100LL"
"Skylark Airport","7B6",US,4155.710N,07234.570W,120ft,5,100,3242ft,60ft,122.8,"7B6, 10/28 26A, RW width: 60, UNICOM: 122.8, Fuel: 100LL"
"Slip Knot Landing","24ME",US,4349.333N,07026.567W,310ft,2,20,1700ft,100ft,,"24ME, Private, RW width: 100"
"Smith","VT17",US,4322.150N,07240.450W,1500ft,3,20,1600ft,75ft,,"VT17, Landable, 02/20 16T, RW width: 75"
"Snow","MA36",US,4239.983N,07051.167W,62ft,2,40,1600ft,100ft,,"PHQ, Private, 04/22 16T, RW width: 100, Fuel: 100LL"
"South Albany","4B0",US,4233.650N,07350.033W,196ft,5,367,2853ft,60ft,122.9,"4B0, RW width: 60, CTAF: 122.9, Fuel: 100LL"
"South Cairo","4NY7",US,4219.750N,07357.650W,400ft,2,10,2500ft,100ft,,"4NY7, Private, RW width: 100"
"South Weymouth","SWEYMOTH",US,4208.917N,07056.383W,161ft,0,,,,,"NZW, 08/26 60A"
"Southbridge","3B0",US,4206.050N,07202.330W,700ft,5,22,3501ft,75ft,122.8,"3B0, 02/20 35A, RW width: 75, UNICOM: 122.8, Fuel: 100LL, Turn Point"
"Spencer MA","60M",US,4217.390N,07157.880W,1050ft,5,10,1949ft,50ft,123.0,"MA10, 01/19 19S, RW width: 50, UNICOM: 123.0, Turn Point"
"Spencer VT","VT09",US,4406.880N,07317.370W,300ft,2,40,2000ft,50ft,,"VT09, Private, RW width: 50"
"Spruce","CT43",US,4135.617N,07155.867W,200ft,2,160,1725ft,150ft,,"CT43, Private, 16/34 17T, RW width: 150"
"Stanton","NY35",US,4145.000N,07406.983W,303ft,2,140,2400ft,23ft,,"NY35, Private, RW width: 23"
"Staton","VT53",US,4407.050N,07322.717W,141ft,2,80,1400ft,50ft,,"VT53, Private, RW width: 50"
"Steck Farm","NH78",US,4244.830N,07122.140W,460ft,2,50,1500ft,25ft,,"NH78, Private, 05/23 15T, RW width: 25"
"Stephen A Bean","8B0",US,4459.517N,07039.883W,1825ft,5,139,3201ft,75ft,122.8,"8B0, RW width: 75, UNICOM: 122.8, Fuel: 100LL"
"Sterling","3B3",US,4225.570N,07147.630W,454ft,4,160,3086ft,40ft,122.9,"3B3, RW width: 40, CTAF: 122.9, Fuel: 100LL, Home Field, Start Point, Finish Point"
"Stewart","SWF",US,4130.250N,07406.283W,491ft,5,92,11817ft,150ft,122.95,"SWF, RW width: 150, ATIS: 124.575, Tower: 121.0, UNICOM: 122.95, Fuel: 100LL"
"Stiles Res","STILESRS",US,4212.283N,07157.116W,950ft,3,,1900ft,,,"Landable"
"Stonington Airpark","CT80",US,4120.833N,07153.150W,7ft,2,40,1700ft,50ft,,"CT80, Private, 04/22 17T, RW width: 50"
"Stormville","N69",US,4134.619N,07343.941W,358ft,5,58,3315ft,50ft,122.8,"N69, 06/24 33A, RW width: 50, UNICOM: 122.8"
"Stratham Field","STRTHMFL",US,4259.800N,07055.650W,52ft,0,,,,,"NH30, 10/28 14G"
"Sugarloaf","B21",US,4505.133N,07012.983W,885ft,5,166,2900ft,75ft,122.8,"B21, RW width: 75, UNICOM: 122.8, Fuel: 100LL/MOGAS"
"Sunny","SUNNY",US,4236.833N,07151.483W,1040ft,3,,1800ft,,,"Landable"
"Sunside","74NK",US,4219.633N,07403.783W,360ft,2,150,2500ft,100ft,,"74NK, Private, RW width: 100"
"Swans","3S2",US,4430.850N,07024.417W,418ft,2,139,1808ft,40ft,122.9,"3S2, RW width: 40, CTAF: 122.9"
"Symon","66VT",US,4352.960N,07317.175W,300ft,3,20,1000ft,60ft,,"66VT, Landable, RW width: 60"
"Tamarack Acres","38NK",US,4259.500N,07409.200W,761ft,2,100,1900ft,200ft,,"38NK, Private, RW width: 200"
"Tanner-Hiller","8B5",US,4221.380N,07207.810W,590ft,5,60,3027ft,40ft,123.0,"8B5, 06/24 28A, RW width: 40, UNICOM: 123.0, Turn Point"
"Taunton Muni","TAN",US,4152.467N,07101.000W,43ft,5,124,3500ft,75ft,122.7,"TAN, 04/22 16T, RW width: 75, UNICOM: 122.7, Fuel: 100LL, Turn Point"
"Taylor","VT39",US,4436.450N,07228.817W,1138ft,2,315,2000ft,100ft,,"VT39, Private, RW width: 100"
"Theodore Francis Green","PVD",US,4143.411N,07125.603W,55ft,5,47,7166ft,150ft,120.7,"PVD, 05/23 72A, RW width: 150, Tower: 120.7, Fuel: 100LL"
"Therriaults Landing","56NH",US,4328.867N,07103.417W,675ft,2,150,3000ft,100ft,,"56NH, Private, RW width: 100"
"Thomas","ME17",US,4439.617N,07035.283W,670ft,2,10,1800ft,75ft,,"ME17, Private, RW width: 75"
"Thomson","5CT5",US,4137.933N,07312.967W,820ft,2,10,1600ft,100ft,,"5CT5, Private, RW width: 100"
"Tib","40ME",US,4406.350N,07057.367W,450ft,2,180,2900ft,80ft,,"40ME, Private, RW width: 80"
"Ticonderoga","4B6",US,4352.633N,07324.783W,274ft,5,17,4041ft,60ft,122.8,"4B6, RW width: 60, UNICOM: 122.8, Fuel: 100LL"
"Torrey","TORREY",US,4355.917N,07322.200W,279ft,0,,,,,
"Toutant","C44",US,4157.340N,07203.260W,770ft,5,170,1756ft,60ft,122.9,"CT04, 17/35 18S, RW width: 60, CTAF: 122.9"
"Tracy","4NK2",US,4308.717N,07325.183W,455ft,2,10,2000ft,75ft,,"4NK2, Private, RW width: 75"
"Tucker Farm","94NH",US,4328.610N,07144.880W,620ft,2,120,900ft,50ft,,"94NH, Private, RW width: 50"
"Tufts Vet","TUFTSVET",US,4214.950N,07140.417W,450ft,3,,3900ft,,,"Landable"
"Turners Falls","0B5",US,4235.510N,07231.400W,350ft,5,158,3200ft,75ft,123.0,"0B5, 16/34 30A, RW width: 75, UNICOM: 123.0, Fuel: 100LL, Turn Point"
"Tweed-New Haven","HVN",US,4115.817N,07253.200W,13ft,5,16,5600ft,150ft,124.8,"HVN, 02/20 56A, RW width: 150, ATIS: 133.65, Tower: 124.8, UNICOM: 122.95, Fuel: 100LL"
"Twin Eagles","71ME",US,4358.017N,07036.067W,280ft,2,140,1100ft,50ft,,"71ME, Private, RW width: 50"
"Twin Mountain","8B2",US,4415.840N,07132.820W,1450ft,5,90,2660ft,60ft,122.8,"8B2, 09/27 26A, RW width: 60, UNICOM: 122.8"
"Twitchell","3B5",US,4411.333N,07013.967W,355ft,2,110,2151ft,100ft,122.8,"3B5, RW width: 100, UNICOM: 122.8, Fuel: 100LL/MOGAS"
"Two Tails","VT42",US,4430.750N,07236.417W,754ft,2,120,1700ft,150ft,,"VT42, Private, RW width: 150"
"Valley Farms","VALLFRMS",US,4200.810N,07228.370W,220ft,0,,,,,"CT29, 18/36 25A"
"Valley View","7NK0",US,4238.850N,07423.233W,1160ft,2,140,3000ft,75ft,,"7NK0, Private, RW width: 75"
"Vasile","NY60",US,4445.750N,07333.550W,580ft,2,90,1850ft,130ft,,"NY60, Private, RW width: 130"
"Wachusett","WACHUSTT",US,4229.344N,07153.216W,2006ft,0,,,,,
"Wales","ME6",US,4410.467N,07001.133W,210ft,2,40,2100ft,80ft,122.9,"ME6, RW width: 80, CTAF: 122.9"
"Wandervogel","NY77",US,4243.083N,07409.800W,1260ft,4,90,2100ft,70ft,,"NY77, Private, RW width: 70"
"Ward Field","NH20",US,4329.490N,07138.660W,450ft,5,40,1100ft,70ft,,"NH20, Private, 04/22 11A, RW width: 70"
"Ware","MA53",US,4216.960N,07212.920W,480ft,3,27,2030ft,150ft,,"UWA, Landable, 03/21 20T, RW width: 150"
"Warren-Sugarbush","0B7",US,4407.020N,07249.640W,1470ft,5,47,2570ft,30ft,123.0,"0B7, RW width: 30, UNICOM: 123.0, Fuel: 100LL"
"Warwick","N72",US,4117.250N,07417.233W,540ft,2,80,2250ft,80ft,123.0,"N72, RW width: 80, UNICOM: 123.0, Fuel: 100LL"
"Waterbury","N41",US,4138.000N,07302.800W,850ft,2,20,1600ft,250ft,122.9,"N41, 02/20 16T, RW width: 250, CTAF: 122.9, Turn Point"
"Waterbury-Oxford","OXC",US,4128.750N,07308.117W,728ft,5,185,5800ft,100ft,122.7,"OXC, 13/31 20A, RW width: 100, ATIS: 132.975, Tower: 118.475, UNICOM: 122.95, Fuel: 100LL"
"Waxwing","NY86",US,4230.750N,07406.883W,1680ft,2,170,1350ft,80ft,,"NY86, Private, RW width: 80"
"Wayne Delp","33NY",US,4223.967N,07351.967W,800ft,2,170,3000ft,100ft,,"33NY, Private, RW width: 100"
"Webster","ME91",US,4340.500N,07029.733W,200ft,2,100,1300ft,50ft,,"ME91, Private, RW width: 50"
"Wenskoski","0NY8",US,4259.833N,07414.717W,800ft,2,90,1700ft,100ft,,"0NY8, Private, RW width: 100"
"Wentworth","NH96",US,4352.380N,07154.280W,600ft,2,10,1900ft,150ft,,"NH96, Private, RW width: 150"
"West Burke","VT56",US,4436.783N,07158.850W,1286ft,2,10,1000ft,60ft,,"VT56, Private, 01/19 10T, RW width: 60"
"West Township","6NY4",US,4242.017N,07409.300W,1260ft,2,90,2000ft,50ft,,"6NY4, Private, RW width: 50"
"Westchester County","HPN",US,4104.017N,07342.450W,439ft,5,163,6549ft,150ft,118.575,"HPN, RW width: 150, Tower: 118.575, UNICOM: 122.95, Fuel: 100LL"
"Westerly","WST",US,4120.977N,07148.203W,81ft,5,68,4010ft,100ft,123.0,"WST, 07/25 40A, RW width: 100, UNICOM: 123.0, Fuel: 100LL"
"Westford Air","CT74",US,4157.120N,07210.880W,900ft,3,180,1300ft,200ft,,"CT74, Landable, N/S 13T, RW width: 200"
"Westover ARB","CEF",US,4211.840N,07231.800W,240ft,5,50,11598ft,301ft,134.85,"CEF, 05/23 116A, RW width: 301, ATIS: 127.525, Tower: 134.85, UNICOM: 122.95, Fuel: 100LL"
"Westport 1","12NK",US,4409.500N,07325.967W,276ft,2,10,2600ft,125ft,122.8,"12NK, Private, RW width: 125, UNICOM: 122.8"
"Westport 2","3MA5",US,4132.583N,07102.117W,79ft,2,170,2150ft,50ft,,"3MA5, Private, 17/35 22T, RW width: 50"
"Westwind Farm","0NK2",US,4259.000N,07400.967W,800ft,2,100,3000ft,100ft,,"0NK2, Private, RW width: 100"
"Whelan Farms","CT01",US,4139.967N,07311.333W,1020ft,2,10,2050ft,100ft,122.725,"CT01, Private, 01/19 14T, RW width: 100, UNICOM: 122.725"
"White Mountain","WHITEMTN",US,4349.217N,07108.033W,469ft,0,,,,,"NH14, 17/35 68G"
"William H. Morse","DDH",US,4253.470N,07314.780W,830ft,5,132,3704ft,75ft,122.8,"DDH, 13/31 37A, RW width: 75, UNICOM: 122.8, Fuel: 100LL"
"Winchell Mountain","41NK",US,4156.867N,07331.083W,1141ft,2,160,2200ft,60ft,,"41NK, Private, RW width: 60"
"Windham","IJD",US,4144.660N,07210.820W,240ft,5,89,4271ft,100ft,122.7,"IJD, 09/27 43A, RW width: 100, UNICOM: 122.975, Fuel: 100LL, Turn Point"
"Windsock Village","NH69",US,4349.833N,07111.217W,459ft,2,150,4000ft,225ft,123.05,"NH69, Private, 15/33 40T, RW width: 225, UNICOM: 123.05"
"Windswept","23NH",US,4307.830N,07200.840W,1230ft,3,170,1200ft,40ft,,"23NH, Landable, RW width: 40"
"Wing-Over Farm","RI07",US,4134.740N,07108.503W,113ft,2,180,1200ft,100ft,,"RI07, Private, N/S 12T, RW width: 100"
"Wings Ago Air","CT42",US,4151.240N,07316.540W,1590ft,3,180,1600ft,40ft,,"CT42, Landable, 18/36 16T, RW width: 40"
"Winterwood","NH67",US,4258.700N,07100.567W,131ft,2,100,1600ft,30ft,,"NH67, Private, 10/28 16T, RW width: 30"
"Wiscasset","IWI",US,4357.683N,06942.750W,70ft,5,70,3397ft,75ft,122.8,"IWI, RW width: 75, UNICOM: 122.8, Fuel: 100LL"
"Wolomolopoag","WOLOMLPG",US,4206.039N,07112.470W,276ft,0,,,,,"MA66, 10/28 16T"
"Woodbury Hill","WODBRHLL",US,4250.770N,07202.440W,1240ft,3,,1400ft,,,"Landable"
"Woodstock","64CT",US,4155.290N,07157.190W,450ft,5,10,2100ft,75ft,122.8,"01B, Private, 01/19 22A, RW width: 75, UNICOM: 122.8, Fuel: 100LL"
"Worcester Muni","ORH",US,4216.033N,07152.533W,985ft,5,109,7001ft,150ft,120.5,"ORH, 11/29 70A, RW width: 150, ATIS: 126.55, Tower: 120.5, UNICOM: 122.95, Fuel: 100LL"
"Wurtsboro-Sullivan County","N82",US,4135.833N,07427.500W,548ft,2,187,1250ft,150ft,122.8,"N82, RW width: 150, UNICOM: 122.8, Fuel: 100LL"
"Wychwood Field","CT48",US,4126.200N,07155.517W,315ft,2,180,1800ft,30ft,,"CT48, Private, 18/36 18T, RW width: 30, Turn Point"
"Wysocki Field","CT15",US,4156.690N,07228.640W,380ft,2,180,1800ft,50ft,,"CT15, Private, 18/36 18T, RW width: 50"
"Yankee Kingdom","VT53",US,4406.333N,07322.667W,200ft,2,80,1400ft,50ft,,"VT53, Private, RW width: 50"
"Zim","NH17",US,4243.650N,07143.090W,530ft,0,10,1400ft,150ft,,"NH17, 18/36 15T, RW width: 150"
"Zinck","90ME",US,4431.383N,07032.733W,620ft,2,50,1600ft,80ft,122.8,"90ME, Private, RW width: 80, UNICOM: 122.8"
"MA-NY-VT ",MANYVT,US,4244.726N,07315.885W,437.0m,1,0,0.0m,0.0m,,"MA-NY-VT boundary triplepoint",,""
"Sterling Powerline",Sterling_Powerline,,4226.670N,07149.161W,155.0m,1,,,,,,,""
-----Related Tasks-----
"Danielson-MA-NY-VT-Newfound","???","Sterling Powerline","Danielson","MA-NY-VT ","Newfound","Sterling Powerline","???"
Options,Short=false,MultiStart=false
ObsZone=0,Style=2,R1=3000m,A1=45,Line=1
ObsZone=4,Style=3,R1=3000m,A1=45,Line=1
"Newfound-MA-NY-VT-Danielson","???","Sterling Powerline","Newfound","MA-NY-VT ","Danielson","Sterling Powerline","???"
Options,Short=false,MultiStart=false
ObsZone=0,Style=2,R1=3000m,A1=45,Line=1
ObsZone=4,Style=3,R1=3000m,A1=45,Line=1
"Jaffrey-MA-NY-VT-Danielson","???","Sterling Powerline","Jaffrey","MA-NY-VT ","Danielson","Sterling Powerline","???"
Options,Short=false,MultiStart=false
ObsZone=0,Style=2,R1=3000m,A1=45,Line=1
ObsZone=4,Style=3,R1=3000m,A1=45,Line=1
"Danielson -MA-NY-VT-Jaffrey","???","Sterling Powerline","Danielson","MA-NY-VT ","Jaffrey","Sterling Powerline","???"
Options,Short=false,MultiStart=false
ObsZone=0,Style=2,R1=3000m,A1=45,Line=1
ObsZone=4,Style=3,R1=3000m,A1=45,Line=1
